image_id,prediction,confidence
test_00001,0,0.756091833114624
test_00002,0,0.8742494583129883
test_00003,0,0.9422953128814697
test_00004,0,0.8960326313972473
test_00005,1,0.9386972784996033
test_00006,0,0.9245669841766357
test_00007,0,0.9667105674743652
test_00008,0,0.9648008942604065
test_00009,0,0.9515019655227661
test_00010,0,0.8382439613342285
test_00011,0,0.8690037727355957
test_00012,0,0.962546169757843
test_00013,0,0.9551988840103149
test_00014,0,0.9397252798080444
test_00015,0,0.9429478049278259
test_00016,0,0.7592176795005798
test_00017,0,0.9327660799026489
test_00018,0,0.8229346871376038
test_00019,0,0.9761379957199097
test_00020,0,0.9545921087265015
test_00021,0,0.9573183059692383
test_00022,0,0.9449834823608398
test_00023,0,0.8693022131919861
test_00024,0,0.9607584476470947
test_00025,0,0.9558899402618408
test_00026,0,0.9223838448524475
test_00027,0,0.7391493916511536
test_00028,0,0.8877713084220886
test_00029,0,0.9680326581001282
test_00030,0,0.8761153221130371
test_00031,0,0.9641113877296448
test_00032,0,0.9661514759063721
test_00033,0,0.9861495494842529
test_00034,0,0.9730907082557678
test_00035,0,0.882291316986084
test_00036,0,0.8698658347129822
test_00037,0,0.9309894442558289
test_00038,0,0.8115922212600708
test_00039,0,0.9859908223152161
test_00040,0,0.6265823245048523
test_00041,0,0.9789690971374512
test_00042,1,0.5861872434616089
test_00043,0,0.9856282472610474
test_00044,0,0.956535279750824
test_00045,0,0.9339444637298584
test_00046,0,0.9603403210639954
test_00047,0,0.9742593765258789
test_00048,0,0.9365473985671997
test_00049,0,0.9579391479492188
test_00050,0,0.9671155214309692
test_00051,0,0.961124062538147
test_00052,1,0.6590120792388916
test_00053,0,0.8641812205314636
test_00054,0,0.7967474460601807
test_00055,0,0.9493183493614197
test_00056,0,0.941483736038208
test_00057,0,0.9640306234359741
test_00058,0,0.9808074831962585
test_00059,1,0.5541056990623474
test_00060,0,0.8553284406661987
test_00061,0,0.9244597554206848
test_00062,0,0.8805170655250549
test_00063,0,0.9239564538002014
test_00064,0,0.9008402228355408
test_00065,0,0.9303209185600281
test_00066,0,0.962325394153595
test_00067,0,0.8733460307121277
test_00068,0,0.8997438549995422
test_00069,0,0.8609837889671326
test_00070,0,0.9605790376663208
test_00071,0,0.9308106303215027
test_00072,0,0.7459453344345093
test_00073,0,0.9287506937980652
test_00074,0,0.9521040320396423
test_00075,0,0.6088283658027649
test_00076,0,0.9293245077133179
test_00077,0,0.9761815071105957
test_00078,0,0.7710883617401123
test_00079,0,0.9372164011001587
test_00080,0,0.957014262676239
test_00081,0,0.9784457683563232
test_00082,0,0.879021167755127
test_00083,0,0.9769911170005798
test_00084,1,0.7448703646659851
test_00085,0,0.928394615650177
test_00086,0,0.8545582890510559
test_00087,1,0.5935069918632507
test_00088,0,0.6272121667861938
test_00089,0,0.9666125774383545
test_00090,0,0.8832298517227173
test_00091,0,0.9570841193199158
test_00092,0,0.9301160573959351
test_00093,0,0.8132114410400391
test_00094,0,0.9635416269302368
test_00095,1,0.5723495483398438
test_00096,0,0.8553469181060791
test_00097,0,0.9706742763519287
test_00098,1,0.8531802296638489
test_00099,0,0.964329183101654
test_00100,0,0.7214579582214355
test_00101,0,0.9368899464607239
test_00102,0,0.9531290531158447
test_00103,0,0.8661994338035583
test_00104,0,0.820829451084137
test_00105,0,0.8738147020339966
test_00106,0,0.8298487067222595
test_00107,0,0.9437254071235657
test_00108,0,0.9889894127845764
test_00109,0,0.9596000909805298
test_00110,0,0.9336894750595093
test_00111,0,0.8899142742156982
test_00112,0,0.934797465801239
test_00113,0,0.8842850923538208
test_00114,0,0.814848780632019
test_00115,0,0.9786077737808228
test_00116,0,0.984002411365509
test_00117,0,0.8944526314735413
test_00118,0,0.7405999302864075
test_00119,0,0.9582444429397583
test_00120,0,0.8258243203163147
test_00121,0,0.9935990571975708
test_00122,0,0.9531165957450867
test_00123,0,0.9589260220527649
test_00124,0,0.9419488906860352
test_00125,0,0.931568443775177
test_00126,0,0.7909792065620422
test_00127,0,0.9252278804779053
test_00128,1,0.5557745695114136
test_00129,0,0.8850307464599609
test_00130,0,0.9872136116027832
test_00131,0,0.9387317299842834
test_00132,0,0.9127731323242188
test_00133,0,0.6689897179603577
test_00134,0,0.856216311454773
test_00135,0,0.9758343696594238
test_00136,0,0.939608633518219
test_00137,0,0.9442017078399658
test_00138,0,0.8365831971168518
test_00139,0,0.9754848480224609
test_00140,0,0.7654829025268555
test_00141,1,0.9040254950523376
test_00142,0,0.8833395838737488
test_00143,0,0.9215807914733887
test_00144,0,0.8883503675460815
test_00145,0,0.9883038997650146
test_00146,0,0.9182901382446289
test_00147,0,0.8098421096801758
test_00148,0,0.9953979849815369
test_00149,0,0.8744229078292847
test_00150,0,0.921881914138794
test_00151,0,0.9118300080299377
test_00152,0,0.9486324787139893
test_00153,0,0.9190927147865295
test_00154,0,0.9263903498649597
test_00155,0,0.9239537119865417
test_00156,0,0.9367132186889648
test_00157,0,0.9831427931785583
test_00158,0,0.9743855595588684
test_00159,0,0.9432957172393799
test_00160,0,0.8387662768363953
test_00161,0,0.9484974145889282
test_00162,0,0.7802286744117737
test_00163,0,0.9140710234642029
test_00164,1,0.7505190968513489
test_00165,0,0.9713633060455322
test_00166,0,0.905156672000885
test_00167,0,0.9902826547622681
test_00168,1,0.7240915298461914
test_00169,0,0.9501276612281799
test_00170,0,0.9439131617546082
test_00171,0,0.8494799137115479
test_00172,0,0.8039260506629944
test_00173,1,0.5463315844535828
test_00174,0,0.9470745921134949
test_00175,0,0.741513192653656
test_00176,1,0.8922117352485657
test_00177,1,0.639907956123352
test_00178,0,0.8330501317977905
test_00179,0,0.91795814037323
test_00180,0,0.5854741334915161
test_00181,1,0.6550500988960266
test_00182,0,0.9516914486885071
test_00183,0,0.9073185324668884
test_00184,0,0.8017676472663879
test_00185,0,0.906754195690155
test_00186,0,0.9389397501945496
test_00187,0,0.9637019038200378
test_00188,0,0.8318824768066406
test_00189,0,0.9761145114898682
test_00190,0,0.7861757874488831
test_00191,1,0.6962223649024963
test_00192,0,0.8059993386268616
test_00193,0,0.8906664848327637
test_00194,1,0.6211167573928833
test_00195,0,0.7628040313720703
test_00196,0,0.7955092191696167
test_00197,0,0.9833613038063049
test_00198,0,0.8855495452880859
test_00199,0,0.8608418107032776
test_00200,0,0.8367988467216492
test_00201,0,0.9317173361778259
test_00202,0,0.9343246817588806
test_00203,0,0.9635202884674072
test_00204,0,0.861756443977356
test_00205,0,0.9311968684196472
test_00206,0,0.907836377620697
test_00207,1,0.6691011190414429
test_00208,0,0.8414963483810425
test_00209,0,0.7405122518539429
test_00210,0,0.7990529537200928
test_00211,0,0.9013732075691223
test_00212,0,0.9003884792327881
test_00213,0,0.9349613785743713
test_00214,0,0.8844387531280518
test_00215,0,0.8671356439590454
test_00216,0,0.9808126091957092
test_00217,0,0.7130836248397827
test_00218,0,0.9279502630233765
test_00219,0,0.9007572531700134
test_00220,0,0.9678410887718201
test_00221,0,0.9111608862876892
test_00222,0,0.9856998324394226
test_00223,0,0.9073270559310913
test_00224,0,0.9047638773918152
test_00225,0,0.9063581228256226
test_00226,0,0.9468454718589783
test_00227,0,0.9057142734527588
test_00228,0,0.5777944922447205
test_00229,0,0.7484675049781799
test_00230,0,0.9350708723068237
test_00231,0,0.8836795091629028
test_00232,0,0.8359847068786621
test_00233,1,0.9143216609954834
test_00234,1,0.526740312576294
test_00235,0,0.9544233083724976
test_00236,0,0.9370880722999573
test_00237,0,0.8717628717422485
test_00238,0,0.9272818565368652
test_00239,0,0.5143256187438965
test_00240,1,0.6516179442405701
test_00241,1,0.5566704869270325
test_00242,0,0.651038408279419
test_00243,0,0.8870985507965088
test_00244,1,0.9266727566719055
test_00245,0,0.8251974582672119
test_00246,0,0.8374537825584412
test_00247,0,0.865247905254364
test_00248,0,0.9077286124229431
test_00249,0,0.6436643004417419
test_00250,0,0.9322458505630493
test_00251,0,0.8679999113082886
test_00252,0,0.5488671660423279
test_00253,0,0.8088698983192444
test_00254,0,0.8425700664520264
test_00255,0,0.5139613151550293
test_00256,0,0.8984857797622681
test_00257,0,0.9257304072380066
test_00258,1,0.8722344040870667
test_00259,0,0.9196924567222595
test_00260,0,0.9446742534637451
test_00261,0,0.9608615636825562
test_00262,0,0.9293965697288513
test_00263,0,0.9828444719314575
test_00264,0,0.9806296229362488
test_00265,0,0.9610157012939453
test_00266,0,0.8628233075141907
test_00267,0,0.8439880013465881
test_00268,0,0.9013606905937195
test_00269,0,0.9742618799209595
test_00270,1,0.7514743804931641
test_00271,0,0.9375896453857422
test_00272,0,0.989575982093811
test_00273,0,0.8682597875595093
test_00274,0,0.7726743221282959
test_00275,0,0.8293330073356628
test_00276,0,0.7637181282043457
test_00277,0,0.9057290554046631
test_00278,0,0.9127880334854126
test_00279,0,0.8606922626495361
test_00280,0,0.9425045251846313
test_00281,0,0.5022104382514954
test_00282,0,0.9379903674125671
test_00283,0,0.8865538239479065
test_00284,0,0.9534228444099426
test_00285,0,0.7241583466529846
test_00286,0,0.8268957138061523
test_00287,1,0.8099164366722107
test_00288,0,0.9343358874320984
test_00289,0,0.7310120463371277
test_00290,0,0.9008113741874695
test_00291,0,0.9390724897384644
test_00292,0,0.7327715158462524
test_00293,0,0.9246513247489929
test_00294,0,0.9545313119888306
test_00295,0,0.7204617261886597
test_00296,0,0.7244883179664612
test_00297,0,0.958616316318512
test_00298,0,0.8206512331962585
test_00299,0,0.9177899956703186
test_00300,0,0.7961790561676025
test_00301,1,0.578088104724884
test_00302,1,0.8471848368644714
test_00303,1,0.9687685966491699
test_00304,0,0.9324848651885986
test_00305,0,0.9889127016067505
test_00306,0,0.9013282656669617
test_00307,0,0.8966996073722839
test_00308,0,0.9501591920852661
test_00309,0,0.9663737416267395
test_00310,0,0.9175739884376526
test_00311,0,0.9882163405418396
test_00312,1,0.818185567855835
test_00313,0,0.9706337451934814
test_00314,0,0.9400650858879089
test_00315,0,0.9051617980003357
test_00316,0,0.8590918779373169
test_00317,0,0.9813982844352722
test_00318,1,0.8377272486686707
test_00319,0,0.9355300664901733
test_00320,0,0.920259416103363
test_00321,0,0.9441428184509277
test_00322,1,0.5118893384933472
test_00323,0,0.9638787508010864
test_00324,0,0.9517524242401123
test_00325,1,0.6496391892433167
test_00326,0,0.7519518733024597
test_00327,0,0.9768018126487732
test_00328,0,0.6511078476905823
test_00329,0,0.9666408896446228
test_00330,0,0.9624464511871338
test_00331,0,0.9914731979370117
test_00332,0,0.9200534224510193
test_00333,0,0.9575435519218445
test_00334,0,0.9068316221237183
test_00335,0,0.9898395538330078
test_00336,0,0.7711682915687561
test_00337,1,0.9750139117240906
test_00338,0,0.9045489430427551
test_00339,0,0.9985606074333191
test_00340,0,0.9263375401496887
test_00341,0,0.9586416482925415
test_00342,0,0.7481974363327026
test_00343,0,0.898747980594635
test_00344,0,0.8960413932800293
test_00345,0,0.9049405455589294
test_00346,0,0.961100161075592
test_00347,0,0.9784938097000122
test_00348,0,0.8841838836669922
test_00349,0,0.8476295471191406
test_00350,0,0.9335074424743652
test_00351,1,0.8356913328170776
test_00352,0,0.9846602082252502
test_00353,0,0.8914422392845154
test_00354,0,0.9953266382217407
test_00355,0,0.8350421786308289
test_00356,0,0.7257483005523682
test_00357,0,0.92667555809021
test_00358,0,0.8860272169113159
test_00359,0,0.9618281126022339
test_00360,0,0.9722242951393127
test_00361,0,0.9511870741844177
test_00362,0,0.6222501397132874
test_00363,0,0.8903828263282776
test_00364,0,0.917034924030304
test_00365,0,0.9308268427848816
test_00366,0,0.9118654727935791
test_00367,0,0.8891565799713135
test_00368,0,0.8982906341552734
test_00369,0,0.9896532893180847
test_00370,0,0.9459272027015686
test_00371,0,0.9603523015975952
test_00372,0,0.8287575244903564
test_00373,0,0.7387464046478271
test_00374,0,0.9051544666290283
test_00375,0,0.9620590209960938
test_00376,0,0.9759278297424316
test_00377,0,0.9846982359886169
test_00378,0,0.9656950831413269
test_00379,0,0.9195400476455688
test_00380,0,0.9830689430236816
test_00381,0,0.9189197421073914
test_00382,1,0.6408549547195435
test_00383,0,0.9917343854904175
test_00384,0,0.9364926815032959
test_00385,1,0.6262227296829224
test_00386,0,0.699244499206543
test_00387,0,0.9718722105026245
test_00388,0,0.7728472352027893
test_00389,0,0.9926379919052124
test_00390,0,0.8519521355628967
test_00391,0,0.9086012244224548
test_00392,0,0.8439373970031738
test_00393,0,0.9299759268760681
test_00394,0,0.8975273370742798
test_00395,0,0.9639664888381958
test_00396,0,0.8345367908477783
test_00397,0,0.961776077747345
test_00398,0,0.8258084058761597
test_00399,0,0.9503551125526428
test_00400,0,0.9308972358703613
test_00401,0,0.8723185062408447
test_00402,0,0.8528351783752441
test_00403,0,0.8588938117027283
test_00404,0,0.985910177230835
test_00405,0,0.9446713328361511
test_00406,0,0.9667463302612305
test_00407,0,0.668131411075592
test_00408,0,0.8527440428733826
test_00409,0,0.960910439491272
test_00410,0,0.967319905757904
test_00411,0,0.8745952844619751
test_00412,0,0.9990813732147217
test_00413,0,0.9489434361457825
test_00414,0,0.7489292025566101
test_00415,0,0.9631576538085938
test_00416,0,0.9858185648918152
test_00417,0,0.6931573152542114
test_00418,0,0.9865178465843201
test_00419,1,0.7273529171943665
test_00420,0,0.8784817457199097
test_00421,0,0.9381001591682434
test_00422,0,0.9055089950561523
test_00423,0,0.8956206440925598
test_00424,0,0.9776365160942078
test_00425,1,0.5896041989326477
test_00426,0,0.9628168344497681
test_00427,0,0.9652038812637329
test_00428,0,0.9162867665290833
test_00429,0,0.9865245819091797
test_00430,0,0.8830076456069946
test_00431,0,0.9608972668647766
test_00432,0,0.921173632144928
test_00433,0,0.9492489695549011
test_00434,0,0.6144010424613953
test_00435,0,0.9042438864707947
test_00436,1,0.965192437171936
test_00437,0,0.9303660988807678
test_00438,0,0.9435845017433167
test_00439,0,0.8593775033950806
test_00440,1,0.5068467855453491
test_00441,0,0.9606913328170776
test_00442,0,0.9220984578132629
test_00443,0,0.8593839406967163
test_00444,0,0.871189534664154
test_00445,0,0.9933829307556152
test_00446,0,0.9450002908706665
test_00447,0,0.7922937273979187
test_00448,0,0.9241516590118408
test_00449,0,0.9132757186889648
test_00450,0,0.9435619115829468
test_00451,0,0.9473683834075928
test_00452,0,0.9157389998435974
test_00453,0,0.95247483253479
test_00454,1,0.5665120482444763
test_00455,0,0.8706258535385132
test_00456,0,0.6036800146102905
test_00457,0,0.9507085084915161
test_00458,0,0.7507163286209106
test_00459,0,0.8832659125328064
test_00460,0,0.9517243504524231
test_00461,0,0.9843440055847168
test_00462,0,0.9425173401832581
test_00463,0,0.9082812070846558
test_00464,0,0.9981834292411804
test_00465,0,0.9696937203407288
test_00466,0,0.8287245035171509
test_00467,0,0.9413160681724548
test_00468,0,0.7567522525787354
test_00469,0,0.9802619218826294
test_00470,0,0.9474546313285828
test_00471,0,0.9528627395629883
test_00472,0,0.9423474073410034
test_00473,0,0.935569703578949
test_00474,0,0.9296496510505676
test_00475,0,0.9514856934547424
test_00476,0,0.7797728776931763
test_00477,0,0.8921529054641724
test_00478,0,0.9702142477035522
test_00479,0,0.8681687712669373
test_00480,0,0.8786432147026062
test_00481,0,0.9787018299102783
test_00482,0,0.9309905767440796
test_00483,0,0.8331363201141357
test_00484,0,0.8467491269111633
test_00485,0,0.9578850865364075
test_00486,0,0.8848505616188049
test_00487,0,0.8938618302345276
test_00488,0,0.9529582262039185
test_00489,0,0.9977973699569702
test_00490,0,0.9165039658546448
test_00491,0,0.9409517049789429
test_00492,0,0.9492414593696594
test_00493,0,0.9444094300270081
test_00494,0,0.9725695848464966
test_00495,0,0.942611813545227
test_00496,0,0.9233676791191101
test_00497,0,0.9303966760635376
test_00498,0,0.9403238296508789
test_00499,0,0.9732040166854858
test_00500,0,0.6603429913520813
test_00501,1,0.770953357219696
test_00502,0,0.9212625026702881
test_00503,0,0.7991191148757935
test_00504,0,0.6787981390953064
test_00505,0,0.930377185344696
test_00506,0,0.906233549118042
test_00507,0,0.7417722344398499
test_00508,0,0.9917282462120056
test_00509,0,0.8910781741142273
test_00510,0,0.6369428038597107
test_00511,0,0.9631232619285583
test_00512,0,0.9235799312591553
test_00513,0,0.9802678823471069
test_00514,0,0.8708670735359192
test_00515,0,0.9597293138504028
test_00516,0,0.9975583553314209
test_00517,1,0.7689741253852844
test_00518,0,0.9441843628883362
test_00519,0,0.9722274541854858
test_00520,1,0.6538941264152527
test_00521,0,0.8066823482513428
test_00522,0,0.937076210975647
test_00523,0,0.9329750537872314
test_00524,0,0.8875646591186523
test_00525,1,0.6232519149780273
test_00526,0,0.9468517899513245
test_00527,0,0.8490079045295715
test_00528,0,0.9727837443351746
test_00529,0,0.986579954624176
test_00530,0,0.9156225919723511
test_00531,0,0.9312203526496887
test_00532,0,0.9770805835723877
test_00533,0,0.9835927486419678
test_00534,0,0.8820154070854187
test_00535,0,0.9976420402526855
test_00536,0,0.8382838368415833
test_00537,0,0.9419676065444946
test_00538,0,0.9711360335350037
test_00539,0,0.9926013350486755
test_00540,0,0.8830262422561646
test_00541,0,0.9296168684959412
test_00542,0,0.8529682755470276
test_00543,1,0.6758564114570618
test_00544,0,0.947525680065155
test_00545,1,0.7863958477973938
test_00546,0,0.9350422620773315
test_00547,1,0.5275483727455139
test_00548,0,0.8702150583267212
test_00549,0,0.9959725737571716
test_00550,0,0.9688675403594971
test_00551,0,0.9129852652549744
test_00552,0,0.9424787163734436
test_00553,0,0.8567508459091187
test_00554,0,0.7987942099571228
test_00555,0,0.8908975720405579
test_00556,0,0.958669900894165
test_00557,0,0.6262941956520081
test_00558,0,0.5795718431472778
test_00559,0,0.7863695621490479
test_00560,0,0.9731745719909668
test_00561,0,0.8902879953384399
test_00562,0,0.9551346898078918
test_00563,0,0.9948465824127197
test_00564,0,0.9125717878341675
test_00565,0,0.9851160645484924
test_00566,0,0.9568291306495667
test_00567,0,0.908174991607666
test_00568,0,0.7638968229293823
test_00569,0,0.8979690074920654
test_00570,0,0.9728553891181946
test_00571,0,0.7766478061676025
test_00572,0,0.9417927265167236
test_00573,0,0.7556380033493042
test_00574,0,0.9901790618896484
test_00575,0,0.9635871052742004
test_00576,1,0.9647682905197144
test_00577,0,0.862829327583313
test_00578,0,0.7284399271011353
test_00579,0,0.8972421288490295
test_00580,0,0.62833172082901
test_00581,0,0.9058910012245178
test_00582,0,0.9246854782104492
test_00583,1,0.7419442534446716
test_00584,0,0.9626172780990601
test_00585,0,0.9764434099197388
test_00586,0,0.932278573513031
test_00587,0,0.7868590950965881
test_00588,0,0.9262129664421082
test_00589,0,0.8798178434371948
test_00590,0,0.8216801285743713
test_00591,1,0.7103326320648193
test_00592,0,0.8613526821136475
test_00593,0,0.9802228808403015
test_00594,0,0.9272348880767822
test_00595,0,0.9628019332885742
test_00596,0,0.9631471633911133
test_00597,0,0.9238632321357727
test_00598,0,0.9465571641921997
test_00599,0,0.5279474258422852
test_00600,0,0.6257205009460449
test_00601,0,0.8953911662101746
test_00602,0,0.9367120862007141
test_00603,0,0.9057870507240295
test_00604,0,0.8239930272102356
test_00605,0,0.8658645153045654
test_00606,1,0.6846967935562134
test_00607,0,0.9445213675498962
test_00608,0,0.9473414421081543
test_00609,1,0.5325639247894287
test_00610,0,0.9139845967292786
test_00611,0,0.8890092968940735
test_00612,0,0.991432785987854
test_00613,0,0.92893385887146
test_00614,0,0.8863129019737244
test_00615,0,0.999373733997345
test_00616,0,0.9222114682197571
test_00617,1,0.8964804410934448
test_00618,0,0.9988692402839661
test_00619,0,0.9724019169807434
test_00620,0,0.8749108910560608
test_00621,0,0.9397755861282349
test_00622,0,0.9222299456596375
test_00623,0,0.677650511264801
test_00624,0,0.945637583732605
test_00625,0,0.541856586933136
test_00626,0,0.5825614333152771
test_00627,0,0.862502932548523
test_00628,0,0.940292477607727
test_00629,0,0.8593987822532654
test_00630,0,0.9245556592941284
test_00631,0,0.8751043677330017
test_00632,0,0.9910730719566345
test_00633,0,0.5694597363471985
test_00634,0,0.945259153842926
test_00635,0,0.9943980574607849
test_00636,0,0.9493222236633301
test_00637,0,0.909891664981842
test_00638,0,0.9029200673103333
test_00639,0,0.7980220317840576
test_00640,0,0.9730905890464783
test_00641,1,0.8583784103393555
test_00642,1,0.994492769241333
test_00643,1,0.9848226308822632
test_00644,1,0.9709375500679016
test_00645,1,0.5128926634788513
test_00646,1,0.9573083519935608
test_00647,1,0.8809344172477722
test_00648,1,0.9891054034233093
test_00649,1,0.972434937953949
test_00650,1,0.9240962266921997
test_00651,1,0.8469229936599731
test_00652,1,0.9897149205207825
test_00653,1,0.9688527584075928
test_00654,1,0.9640984535217285
test_00655,1,0.9816842675209045
test_00656,1,0.9912595152854919
test_00657,1,0.8852735757827759
test_00658,1,0.9357423186302185
test_00659,1,0.9645742177963257
test_00660,1,0.968752384185791
test_00661,1,0.9838107824325562
test_00662,1,0.9820980429649353
test_00663,1,0.9355522990226746
test_00664,1,0.9898373484611511
test_00665,1,0.6939520835876465
test_00666,1,0.9150874018669128
test_00667,1,0.9893513321876526
test_00668,1,0.9719584584236145
test_00669,1,0.9720313549041748
test_00670,1,0.8856666088104248
test_00671,1,0.9859021902084351
test_00672,1,0.9646856188774109
test_00673,1,0.9442003965377808
test_00674,1,0.9823974370956421
test_00675,1,0.902945876121521
test_00676,1,0.9899379014968872
test_00677,1,0.9756147861480713
test_00678,1,0.9887457489967346
test_00679,1,0.9919701218605042
test_00680,1,0.9490782022476196
test_00681,1,0.8906511664390564
test_00682,1,0.9310258626937866
test_00683,1,0.9620870351791382
test_00684,1,0.9696654677391052
test_00685,1,0.9737064838409424
test_00686,1,0.834632158279419
test_00687,1,0.9647132158279419
test_00688,1,0.9584178924560547
test_00689,1,0.9934260845184326
test_00690,1,0.7892664074897766
test_00691,1,0.91057288646698
test_00692,1,0.9785601496696472
test_00693,1,0.959723174571991
test_00694,1,0.9508525729179382
test_00695,1,0.9822148680686951
test_00696,1,0.8385577201843262
test_00697,1,0.9783477783203125
test_00698,1,0.9394554495811462
test_00699,1,0.9380499124526978
test_00700,1,0.9773465991020203
test_00701,1,0.9814220666885376
test_00702,1,0.9511156678199768
test_00703,0,0.6748241186141968
test_00704,1,0.915415346622467
test_00705,1,0.9664803743362427
test_00706,1,0.9281668663024902
test_00707,1,0.9740520119667053
test_00708,1,0.9651244878768921
test_00709,1,0.9506328701972961
test_00710,1,0.9569776654243469
test_00711,1,0.984806478023529
test_00712,1,0.9411112070083618
test_00713,1,0.9366396069526672
test_00714,1,0.9305077195167542
test_00715,1,0.9738761782646179
test_00716,1,0.6623045802116394
test_00717,1,0.958508312702179
test_00718,1,0.6374465823173523
test_00719,1,0.99131178855896
test_00720,1,0.8628583550453186
test_00721,1,0.8263270854949951
test_00722,1,0.9471145868301392
test_00723,1,0.7977519035339355
test_00724,1,0.8937286138534546
test_00725,1,0.9697067141532898
test_00726,1,0.7698273658752441
test_00727,1,0.9659087061882019
test_00728,1,0.971461296081543
test_00729,1,0.9500268697738647
test_00730,1,0.8807540535926819
test_00731,1,0.9576157927513123
test_00732,1,0.9250500202178955
test_00733,1,0.9135587811470032
test_00734,0,0.7013082504272461
test_00735,1,0.9657964110374451
test_00736,1,0.9878149032592773
test_00737,0,0.9886173605918884
test_00738,1,0.8754874467849731
test_00739,1,0.8894098997116089
test_00740,1,0.9555503129959106
test_00741,1,0.9671503901481628
test_00742,0,0.5320264101028442
test_00743,1,0.9955358505249023
test_00744,1,0.9773662090301514
test_00745,1,0.9909662008285522
test_00746,1,0.9865843653678894
test_00747,1,0.9544577598571777
test_00748,0,0.8193316459655762
test_00749,1,0.9740879535675049
test_00750,0,0.5481537580490112
test_00751,1,0.8358753323554993
test_00752,1,0.7759538292884827
test_00753,1,0.9816775918006897
test_00754,1,0.9271300435066223
test_00755,1,0.5917431712150574
test_00756,1,0.945111870765686
test_00757,1,0.9864094853401184
test_00758,1,0.9346731305122375
test_00759,1,0.9225950837135315
test_00760,1,0.9257504343986511
test_00761,1,0.9841139316558838
test_00762,1,0.8935609459877014
test_00763,1,0.9740089178085327
test_00764,1,0.9419257640838623
test_00765,1,0.92575603723526
test_00766,1,0.6848711967468262
test_00767,1,0.9779074192047119
test_00768,1,0.9173797965049744
test_00769,1,0.9244629144668579
test_00770,1,0.9717677235603333
test_00771,1,0.9322822093963623
test_00772,1,0.8801789283752441
test_00773,1,0.7109359502792358
test_00774,1,0.8957001566886902
test_00775,1,0.9565743803977966
test_00776,1,0.7634832262992859
test_00777,1,0.9699903130531311
test_00778,1,0.8346897959709167
test_00779,1,0.8224539756774902
test_00780,0,0.8515929579734802
test_00781,1,0.9183293581008911
test_00782,1,0.9765649437904358
test_00783,1,0.697124183177948
test_00784,1,0.988338053226471
test_00785,1,0.7896985411643982
test_00786,0,0.7613920569419861
test_00787,1,0.9195143580436707
test_00788,1,0.8943147659301758
test_00789,1,0.9640604257583618
test_00790,1,0.9730010628700256
test_00791,1,0.984815239906311
test_00792,1,0.9231994152069092
test_00793,1,0.7970131635665894
test_00794,1,0.8690385818481445
test_00795,0,0.6883541345596313
test_00796,1,0.8374857306480408
test_00797,1,0.948395311832428
test_00798,1,0.8914943337440491
test_00799,1,0.9679163694381714
test_00800,1,0.9107687473297119
test_00801,1,0.8640161752700806
test_00802,1,0.8160123825073242
test_00803,1,0.9673879742622375
test_00804,1,0.9045467972755432
test_00805,1,0.9789063930511475
test_00806,1,0.9904622435569763
test_00807,1,0.9564639925956726
test_00808,1,0.9726320505142212
test_00809,1,0.9858520030975342
test_00810,1,0.9704266786575317
test_00811,1,0.8354970812797546
test_00812,1,0.9015620946884155
test_00813,1,0.9536572098731995
test_00814,1,0.8954131007194519
test_00815,1,0.9779047966003418
test_00816,1,0.9841416478157043
test_00817,1,0.9426267743110657
test_00818,1,0.8814495205879211
test_00819,1,0.9278953075408936
test_00820,1,0.8801615238189697
test_00821,1,0.980987548828125
test_00822,0,0.7997583150863647
test_00823,1,0.9360424280166626
test_00824,1,0.9749951958656311
test_00825,1,0.9013194441795349
test_00826,1,0.8345364928245544
test_00827,1,0.7514731884002686
test_00828,0,0.8939113616943359
test_00829,1,0.8651525974273682
test_00830,1,0.9427858591079712
test_00831,1,0.793945848941803
test_00832,1,0.9490428566932678
test_00833,1,0.9655900597572327
test_00834,1,0.9237999320030212
test_00835,1,0.9069976210594177
test_00836,1,0.9616889357566833
test_00837,1,0.9801048636436462
test_00838,0,0.5338788032531738
test_00839,1,0.8468298316001892
test_00840,1,0.9911895990371704
test_00841,0,0.5340786576271057
test_00842,1,0.9892650842666626
test_00843,1,0.6490691900253296
test_00844,1,0.8882437944412231
test_00845,1,0.9228950142860413
test_00846,1,0.5208171606063843
test_00847,1,0.9429512023925781
test_00848,0,0.7124710083007812
test_00849,1,0.6092783212661743
test_00850,1,0.9673923254013062
test_00851,1,0.8291501402854919
test_00852,1,0.9718989729881287
test_00853,1,0.6845957040786743
test_00854,1,0.8762440085411072
test_00855,1,0.8610004186630249
test_00856,0,0.8131514191627502
test_00857,1,0.9652764797210693
test_00858,1,0.7965517044067383
test_00859,1,0.9568098187446594
test_00860,1,0.9826101660728455
test_00861,1,0.8570855855941772
test_00862,1,0.8690240979194641
test_00863,1,0.9493390917778015
test_00864,1,0.9184287786483765
test_00865,1,0.9186607003211975
test_00866,1,0.8510778546333313
test_00867,1,0.9657071232795715
test_00868,0,0.7766951322555542
test_00869,1,0.9889398217201233
test_00870,1,0.9768079519271851
test_00871,1,0.8587694764137268
test_00872,1,0.9910176992416382
test_00873,0,0.8237015008926392
test_00874,0,0.9168686270713806
test_00875,1,0.674419105052948
test_00876,1,0.9299190044403076
test_00877,1,0.8493014574050903
test_00878,0,0.8857836127281189
test_00879,1,0.9754775166511536
test_00880,1,0.9633244276046753
test_00881,1,0.871269702911377
test_00882,1,0.9337533712387085
test_00883,1,0.7073931694030762
test_00884,1,0.9791619777679443
test_00885,1,0.9922659993171692
test_00886,1,0.8589446544647217
test_00887,0,0.8883516788482666
test_00888,1,0.7108871936798096
test_00889,1,0.9953193068504333
test_00890,0,0.8139141798019409
test_00891,1,0.8250998854637146
test_00892,1,0.5839066505432129
test_00893,1,0.9290193319320679
test_00894,0,0.5371156930923462
test_00895,1,0.9690762758255005
test_00896,1,0.9014412760734558
test_00897,1,0.9891633987426758
test_00898,1,0.9083291888237
test_00899,0,0.6179711222648621
test_00900,1,0.9560275077819824
test_00901,1,0.9342198967933655
test_00902,0,0.6960764527320862
test_00903,1,0.7574781775474548
test_00904,1,0.8302198648452759
test_00905,1,0.9168413877487183
test_00906,0,0.7431730628013611
test_00907,1,0.893307626247406
test_00908,0,0.9345274567604065
test_00909,0,0.7532356977462769
test_00910,1,0.9352673292160034
test_00911,1,0.9573357105255127
test_00912,0,0.9843348860740662
test_00913,1,0.867900550365448
test_00914,1,0.9417617321014404
test_00915,1,0.8411416411399841
test_00916,1,0.857420027256012
test_00917,1,0.9505969285964966
test_00918,1,0.7966548204421997
test_00919,1,0.927565336227417
test_00920,0,0.5515923500061035
test_00921,1,0.9910256266593933
test_00922,1,0.8809534907341003
test_00923,1,0.6559376120567322
test_00924,1,0.9699147939682007
test_00925,1,0.9160529375076294
test_00926,1,0.8737938404083252
test_00927,1,0.9557697176933289
test_00928,0,0.7682432532310486
test_00929,1,0.5799621343612671
test_00930,1,0.829317569732666
test_00931,1,0.9835736155509949
test_00932,1,0.9971011281013489
test_00933,1,0.9847738742828369
test_00934,1,0.8171505928039551
test_00935,1,0.9833729863166809
test_00936,1,0.9747052788734436
test_00937,1,0.9875144958496094
test_00938,1,0.9306304454803467
test_00939,1,0.9340758323669434
test_00940,0,0.8994967937469482
test_00941,0,0.8973042964935303
test_00942,1,0.8156911730766296
test_00943,1,0.9570180773735046
test_00944,1,0.9806673526763916
test_00945,0,0.7328492999076843
test_00946,1,0.8708341121673584
test_00947,1,0.9286213517189026
test_00948,1,0.9608052372932434
test_00949,1,0.8308742046356201
test_00950,1,0.7544257640838623
test_00951,1,0.9494341611862183
test_00952,1,0.9637855291366577
test_00953,1,0.9923156499862671
test_00954,0,0.954178512096405
test_00955,1,0.9538713693618774
test_00956,1,0.8652284741401672
test_00957,0,0.8151578307151794
test_00958,1,0.9705396294593811
test_00959,0,0.86983323097229
test_00960,1,0.9423686861991882
test_00961,1,0.9827613234519958
test_00962,1,0.993030846118927
test_00963,1,0.9494784474372864
test_00964,1,0.9457479119300842
test_00965,1,0.9665229320526123
test_00966,1,0.9701128005981445
test_00967,1,0.9489070773124695
test_00968,1,0.9582781791687012
test_00969,1,0.9249864816665649
test_00970,1,0.9829157590866089
test_00971,1,0.9639642834663391
test_00972,1,0.9742475152015686
test_00973,1,0.949730634689331
test_00974,1,0.9646268486976624
test_00975,1,0.8341284394264221
test_00976,1,0.9852153062820435
test_00977,0,0.7869794368743896
test_00978,1,0.9572820663452148
test_00979,1,0.9773379564285278
test_00980,1,0.947852373123169
test_00981,1,0.7945036888122559
test_00982,1,0.9708258509635925
test_00983,1,0.9723045229911804
test_00984,1,0.9967696666717529
test_00985,1,0.8856398463249207
test_00986,1,0.9909949898719788
test_00987,1,0.9737870693206787
test_00988,1,0.8588762283325195
test_00989,1,0.9372264742851257
test_00990,1,0.9667876958847046
test_00991,1,0.9183844327926636
test_00992,1,0.9310542345046997
test_00993,1,0.9543866515159607
test_00994,1,0.972534716129303
test_00995,1,0.9478397369384766
test_00996,1,0.9961950778961182
test_00997,1,0.8209466934204102
test_00998,1,0.9392633438110352
test_00999,1,0.9693515300750732
test_01000,1,0.8545859456062317
test_01001,1,0.9520952105522156
test_01002,1,0.9531827569007874
test_01003,1,0.9825939536094666
test_01004,1,0.9309402108192444
test_01005,1,0.9729358553886414
test_01006,1,0.9510316848754883
test_01007,1,0.9557163119316101
test_01008,1,0.9066683650016785
test_01009,1,0.7001750469207764
test_01010,1,0.9736246466636658
test_01011,0,0.5406849384307861
test_01012,1,0.9604370594024658
test_01013,1,0.9271970987319946
test_01014,1,0.9875707030296326
test_01015,1,0.9837333559989929
test_01016,0,0.6725091338157654
test_01017,1,0.9883149862289429
test_01018,1,0.9803860783576965
test_01019,1,0.935398519039154
test_01020,0,0.741566002368927
test_01021,1,0.9735046625137329
test_01022,1,0.8398259282112122
test_01023,1,0.9478625059127808
test_01024,1,0.9283832907676697
test_01025,1,0.9191482067108154
test_01026,1,0.9204588532447815
test_01027,1,0.9717854261398315
test_01028,1,0.9905945062637329
test_01029,1,0.9734472632408142
test_01030,1,0.9911706447601318
test_01031,1,0.9731684327125549
test_01032,1,0.9491829872131348
test_01033,1,0.8424049615859985
test_01034,1,0.9596461653709412
test_01035,1,0.9492602348327637
test_01036,1,0.9725386500358582
test_01037,1,0.9903997778892517
test_01038,1,0.9298432469367981
test_01039,1,0.6334691047668457
test_01040,1,0.9569001793861389
test_01041,1,0.9073326587677002
test_01042,1,0.8636716604232788
test_01043,1,0.8824134469032288
test_01044,1,0.7820910811424255
test_01045,1,0.9852177500724792
test_01046,1,0.9338263869285583
test_01047,1,0.9397891759872437
test_01048,1,0.7429856657981873
test_01049,1,0.9166449904441833
test_01050,1,0.941227912902832
test_01051,1,0.9349521994590759
test_01052,1,0.6723525524139404
test_01053,1,0.7639615535736084
test_01054,1,0.9803005456924438
test_01055,1,0.9935609102249146
test_01056,1,0.7604833841323853
test_01057,1,0.9335616827011108
test_01058,1,0.9829373955726624
test_01059,1,0.9003649950027466
test_01060,1,0.8822259902954102
test_01061,1,0.9223758578300476
test_01062,1,0.9744720458984375
test_01063,1,0.9454666972160339
test_01064,1,0.9785459637641907
test_01065,1,0.9213447570800781
test_01066,1,0.9472760558128357
test_01067,1,0.8189777135848999
test_01068,1,0.7964776754379272
test_01069,1,0.8839351534843445
test_01070,1,0.9765776991844177
test_01071,1,0.5294483304023743
test_01072,1,0.9842744469642639
test_01073,1,0.5490490198135376
test_01074,1,0.7990894913673401
test_01075,1,0.8153929710388184
test_01076,0,0.8758176565170288
test_01077,1,0.9686563014984131
test_01078,1,0.8868151307106018
test_01079,1,0.9840044975280762
test_01080,0,0.5144541263580322
test_01081,1,0.9180353879928589
test_01082,1,0.9072980284690857
test_01083,1,0.9329237937927246
test_01084,1,0.9898406863212585
test_01085,1,0.8969763517379761
test_01086,1,0.9513415098190308
test_01087,1,0.896442174911499
test_01088,1,0.9627466797828674
test_01089,1,0.9271060228347778
test_01090,1,0.897739589214325
test_01091,1,0.7735987901687622
test_01092,1,0.9840841889381409
test_01093,1,0.9309431910514832
test_01094,1,0.8286975622177124
test_01095,0,0.8896215558052063
test_01096,0,0.7210448980331421
test_01097,1,0.9079350233078003
test_01098,1,0.9060486555099487
test_01099,1,0.9811031818389893
test_01100,1,0.8814592361450195
test_01101,1,0.9714781641960144
test_01102,1,0.9872673153877258
test_01103,1,0.8616080284118652
test_01104,1,0.9457414150238037
test_01105,1,0.9769076108932495
test_01106,1,0.954670786857605
test_01107,1,0.9664703607559204
test_01108,1,0.890588104724884
test_01109,1,0.8983086943626404
test_01110,1,0.9774407744407654
test_01111,1,0.9736343026161194
test_01112,1,0.7915146946907043
test_01113,1,0.9521734118461609
test_01114,1,0.9648934602737427
test_01115,1,0.967620313167572
test_01116,1,0.9181199073791504
test_01117,1,0.9835802912712097
test_01118,1,0.9702686667442322
test_01119,1,0.6973560452461243
test_01120,1,0.9340417981147766
test_01121,1,0.976740837097168
test_01122,1,0.9749152064323425
test_01123,1,0.9897944331169128
test_01124,1,0.985268235206604
test_01125,1,0.971927285194397
test_01126,1,0.9147778749465942
test_01127,0,0.700785219669342
test_01128,1,0.9761555194854736
test_01129,1,0.9377760291099548
test_01130,1,0.9821069836616516
test_01131,1,0.7276576161384583
test_01132,1,0.882330596446991
test_01133,1,0.968865156173706
test_01134,1,0.902942955493927
test_01135,1,0.9602583050727844
test_01136,0,0.8018105626106262
test_01137,1,0.9727330803871155
test_01138,1,0.9427915215492249
test_01139,1,0.9329602122306824
test_01140,1,0.9003058671951294
test_01141,0,0.738864004611969
test_01142,1,0.9477104544639587
test_01143,1,0.7991265654563904
test_01144,0,0.8999117016792297
test_01145,1,0.9308096170425415
test_01146,0,0.6414417624473572
test_01147,1,0.87144935131073
test_01148,1,0.9235889911651611
test_01149,1,0.9529104828834534
test_01150,1,0.9418326020240784
test_01151,1,0.7141633033752441
test_01152,1,0.718787670135498
test_01153,1,0.5957648754119873
test_01154,1,0.6306146383285522
test_01155,0,0.7774279713630676
test_01156,1,0.9904227256774902
test_01157,1,0.9088448286056519
test_01158,1,0.9698868989944458
test_01159,1,0.7735359072685242
test_01160,1,0.9794189929962158
test_01161,1,0.8985921144485474
test_01162,1,0.9867851138114929
test_01163,1,0.985318660736084
test_01164,1,0.9758328795433044
test_01165,0,0.7244884371757507
test_01166,1,0.8497088551521301
test_01167,1,0.8886646628379822
test_01168,0,0.7645229697227478
test_01169,0,0.8502784371376038
test_01170,1,0.9500072598457336
test_01171,1,0.9902210235595703
test_01172,1,0.8788008093833923
test_01173,1,0.8884780406951904
test_01174,1,0.8949621319770813
test_01175,1,0.6902804374694824
test_01176,1,0.9014126062393188
test_01177,1,0.9134185910224915
test_01178,1,0.9596812129020691
test_01179,1,0.9720553159713745
test_01180,1,0.8241687417030334
test_01181,1,0.9649221897125244
test_01182,1,0.962462306022644
test_01183,1,0.7512170672416687
test_01184,1,0.9903151392936707
